move_number,timestamp,player,action_type,description,card_name,tile_type,tile_location,temperature,oxygen,oceans
1,10:27:38,Unknown,unknown,The color of StrandedKnight has been chosen according to their preferences. Change my preferences. | Module: Corporate Era | Map: Tharsis | StrandedKnight is starting player for this generation,,,,,,
2,10:29:05,You,unknown,You choose corporation Cheung Shing Mars | You buy GHG Factories | You buy Lava Flows | You buy Archaebacteria | You buy Adapted Lichen | You buy Mine | You got Experimental Forest | You got Great Aquifer,,,,,,
3,10:29:11,StrandedKnight,unknown,StrandedKnight keeps 5 card/s | StrandedKnight chooses corporation Cheung Shing Mars | StrandedKnight increases  by 3 (Cheung Shing Mars) | StrandedKnight pays 15 | petersenhauke keeps 7 card/s | petersenhauke chooses corporation Robinson Industries | petersenhauke pays 21,,,,,,
4,10:29:16,StrandedKnight,play_card,StrandedKnight plays card Great Aquifer,Great Aquifer,,,,,
5,10:29:19,Unknown,place_tile,"StrandedKnight increases  by 1 step/s to a value of 1 | StrandedKnight gains 1  (Place Ocean Tile) | StrandedKnight places Ocean on Tharsis Hex 5,5 (5,5)",,Ocean,"Tharsis Hex 5,5 (5,5)",,,1
6,10:29:20,Unknown,place_tile,"StrandedKnight increases  by 1 step/s to a value of 2 | StrandedKnight gains 1  (Place Ocean Tile) | StrandedKnight places Ocean on Tharsis Hex 6,5 (6,5) | StrandedKnight gains 2",,Ocean,"Tharsis Hex 6,5 (6,5)",,,2
7,10:29:22,Unknown,unknown,StrandedKnight gains 2  (Ocean) | StrandedKnight gains 2  (Ocean),,,,,,
8,10:29:23,StrandedKnight,play_card,StrandedKnight plays card Experimental Forest,Experimental Forest,,,,,
9,10:29:24,Unknown,place_tile,"StrandedKnight places Forest on Tharsis Hex 6,4 (6,4) | StrandedKnight gains 4 | StrandedKnight increases  by 1 step/s to a value of 1 | StrandedKnight gains 1  (Increase Oxygen Level) | StrandedKnight reveals Restricted Area: it does not have a Plant tag | StrandedKnight reveals Black Polar Dust: it does not have a Plant tag | StrandedKnight reveals Anti-Gravity Technology: it does not have a Plant tag | StrandedKnight reveals Artificial Photosynthesis: it does not have a Plant tag | StrandedKnight reveals Industrial Center: it does not have a Plant tag | StrandedKnight reveals Plantation: it has a Plant tag | StrandedKnight reveals Magnetic Field Generators: it does not have a Plant tag | StrandedKnight reveals Callisto Penal Mines: it does not have a Plant tag | StrandedKnight reveals Heather: it has a Plant tag | StrandedKnight gains 2  (Forest)",,Forest,"Tharsis Hex 6,4 (6,4)",,1,
10,10:29:50,petersenhauke,play_card,petersenhauke plays card Supplier | petersenhauke increases  by 2 (immediate effect of Supplier) | petersenhauke gains 4  (immediate effect of Supplier),Supplier,,,,,
11,10:29:53,petersenhauke,play_card,petersenhauke plays card Io Research Outpost | petersenhauke increases  by 1 (immediate effect of Io Research Outpost),Io Research Outpost,,,,,
12,10:29:56,Unknown,unknown,petersenhauke draws 1 cards,,,,,,
13,10:30:05,StrandedKnight,play_card,StrandedKnight pays 18 | StrandedKnight plays card Lava Flows,Lava Flows,,,,,
14,10:30:07,Unknown,unknown,"StrandedKnight places Lava Flows on Arsia Mons (1,5) | StrandedKnight increases  by 2 step/s to a value of -26 | StrandedKnight gains 2  (Increase Temperature) | StrandedKnight gains 2  (Lava Flows)",,,,-26,,
15,10:30:12,StrandedKnight,unknown,StrandedKnight pays 8,,,,,,
16,10:30:18,Unknown,place_tile,"StrandedKnight places Forest on Tharsis Hex 7,4 (7,4) | StrandedKnight gains 2 | StrandedKnight increases  by 1 step/s to a value of 2 | StrandedKnight gains 1  (Increase Oxygen Level) | StrandedKnight gains 1  (Forest)",,Forest,"Tharsis Hex 7,4 (7,4)",,2,
18,10:30:32,petersenhauke,play_card,petersenhauke pays 4 | petersenhauke pays 5 | petersenhauke plays card Immigrant City,Immigrant City,,,,,
19,10:30:38,Unknown,place_tile,"petersenhauke places City on Tharsis Hex 6,3 (6,3) | petersenhauke triggered effect of Immigrant City",,City,"Tharsis Hex 6,3 (6,3)",,,
20,10:30:42,Unknown,unknown,petersenhauke reduces  by 1 (immediate effect of Immigrant City) | petersenhauke reduces  by 2 (immediate effect of Immigrant City) | petersenhauke increases  by 1 (triggered effect of Immigrant City),,,,,,
21,10:30:45,petersenhauke,play_card,petersenhauke pays 1 | petersenhauke plays card Sabotage,Sabotage,,,,,
22,10:30:50,StrandedKnight,unknown,StrandedKnight pays 7 (immediate effect of Sabotage),,,,,,
24,10:31:00,StrandedKnight,play_card,StrandedKnight pays 2 | StrandedKnight plays card Mine | StrandedKnight increases  by 1 (immediate effect of Mine),Mine,,,,,
25,10:31:06,StrandedKnight,play_card,StrandedKnight pays 6 | StrandedKnight plays card Archaebacteria | StrandedKnight increases  by 1 (immediate effect of Archaebacteria),Archaebacteria,,,,,
26,10:31:12,petersenhauke,play_card,petersenhauke pays 7 | petersenhauke plays card Flooding,Flooding,,,,,
27,10:31:15,Unknown,place_tile,"petersenhauke increases  by 1 step/s to a value of 3 | petersenhauke gains 1  (Place Ocean Tile) | petersenhauke places Ocean on Tharsis Hex 8,2 (8,2)",,Ocean,"Tharsis Hex 8,2 (8,2)",,,3
29,10:31:19,Unknown,unknown,petersenhauke draws 2 cards,,,,,,
31,10:31:24,Unknown,unknown,petersenhauke skips second action,,,,,,
32,10:31:27,Unknown,pass,StrandedKnight passes,,,,,,
33,10:31:35,Unknown,pass,"StrandedKnight draws Nuclear Power, Dust Seals, Imported Hydrogen, Moss | petersenhauke passes | StrandedKnight gains 29 | petersenhauke gains 20 | StrandedKnight gains 1 | petersenhauke gains 1 | StrandedKnight gains 1 | petersenhauke gains 1 | petersenhauke is starting player for this generation | New generation 2 | Research draft | StrandedKnight draws 4 cards | petersenhauke draws 4 cards",,,,,,
34,10:31:41,You,unknown,You draft Imported Hydrogen,,,,,,
36,10:31:52,You,unknown,You draft Cartel,,,,,,
38,10:31:54,You,unknown,You draft Nuclear Power,,,,,,
39,10:32:05,You,unknown,You draft Regolith Eaters,,,,,,
40,10:32:08,You,unknown,You buy Imported Hydrogen | You buy Nuclear Power | StrandedKnight pays 6 (Buy Card),,,,,,
41,10:32:12,petersenhauke,unknown,petersenhauke pays 9 (Buy Card) | StrandedKnight keeps 2 card/s | petersenhauke keeps 3 card/s,,,,,,
43,10:32:30,petersenhauke,play_card,petersenhauke pays 1 | petersenhauke pays 11 | petersenhauke plays card Asteroid,Asteroid,,,,,
44,10:32:35,Unknown,unknown,petersenhauke gains 2  (immediate effect of Asteroid) | petersenhauke increases  by 1 step/s to a value of -24 | Parameter  increase triggers a bonus | petersenhauke gains 1  (Increase Temperature),,,,-24,,
45,10:32:40,StrandedKnight,unknown,StrandedKnight pays 2  (immediate effect of Asteroid) | petersenhauke increases  by 1,,,,,,
46,10:32:44,Unknown,unknown,petersenhauke skips second action,,,,,,
49,10:32:52,StrandedKnight,play_card,StrandedKnight pays 1 | StrandedKnight pays 6 | StrandedKnight plays card Nuclear Power | StrandedKnight reduces  by 2 (immediate effect of Nuclear Power) | StrandedKnight increases  by 3 (immediate effect of Nuclear Power),Nuclear Power,,,,,
50,10:32:57,StrandedKnight,pass,StrandedKnight pays 9 | StrandedKnight plays card GHG Factories | StrandedKnight reduces  by 1 (immediate effect of GHG Factories) | StrandedKnight increases  by 4 (immediate effect of GHG Factories) | petersenhauke passes,GHG Factories,,,,,
51,10:33:04,StrandedKnight,play_card,StrandedKnight pays 9 | StrandedKnight plays card Adapted Lichen | StrandedKnight increases  by 1 (immediate effect of Adapted Lichen),Adapted Lichen,,,,,
52,10:33:07,Unknown,unknown,StrandedKnight skips second action,,,,,,
53,10:33:09,petersenhauke,pass,"StrandedKnight draws Power Supply Consortium, Mangrove, Rad-Chem Factory, Miranda Resort | StrandedKnight passes | StrandedKnight gains 27 | petersenhauke gains 21 | StrandedKnight gains 1 | petersenhauke gains 1 | StrandedKnight gains 2 | StrandedKnight gains 2 | petersenhauke gains 1  due to heat transfer | petersenhauke pays 1 | petersenhauke gains 1 | StrandedKnight gains 4 | petersenhauke gains 1 | StrandedKnight is starting player for this generation | New generation 3 | Research draft | StrandedKnight draws 4 cards | petersenhauke draws 4 cards",,,,,,
55,10:33:18,You,unknown,You draft Mangrove,,,,,,
56,10:33:25,You,unknown,You draft Bushes,,,,,,
58,10:33:35,You,unknown,You draft Miranda Resort,,,,,,
59,10:33:38,You,unknown,You draft Food Factory,,,,,,
60,10:33:43,You,unknown,You buy Mangrove | You buy Bushes | StrandedKnight pays 6 (Buy Card),,,,,,
61,10:33:52,petersenhauke,unknown,petersenhauke pays 12 (Buy Card) | StrandedKnight keeps 2 card/s | petersenhauke keeps 4 card/s,,,,,,
62,10:34:12,Unknown,pass,StrandedKnight passes,,,,,,
63,10:34:19,petersenhauke,play_card,petersenhauke pays 6 | petersenhauke plays card Heat Trappers,Heat Trappers,,,,,
64,10:34:22,Unknown,unknown,StrandedKnight reduces  by 2 (immediate effect of Heat Trappers) | petersenhauke increases  by 1 (immediate effect of Heat Trappers),,,,,,
65,10:34:31,petersenhauke,play_card,petersenhauke pays 5 | petersenhauke plays card Power Supply Consortium,Power Supply Consortium,,,,,
66,10:34:36,Unknown,unknown,StrandedKnight reduces  by 1 (immediate effect of Power Supply Consortium) | petersenhauke increases  by 1 (immediate effect of Power Supply Consortium),,,,,,
68,10:34:44,petersenhauke,play_card,petersenhauke pays 11 | petersenhauke plays card Nitrite Reducing Bacteria | petersenhauke adds Microbe to Nitrite Reducing Bacteria | petersenhauke adds Microbe to Nitrite Reducing Bacteria | petersenhauke adds Microbe to Nitrite Reducing Bacteria,Nitrite Reducing Bacteria,,,,,
69,10:34:47,Unknown,unknown,petersenhauke activates Nitrite Reducing Bacteria,,,,,,
70,10:34:49,Unknown,unknown,petersenhauke removes Microbe from Nitrite Reducing Bacteria | petersenhauke removes Microbe from Nitrite Reducing Bacteria | petersenhauke removes Microbe from Nitrite Reducing Bacteria | petersenhauke gains 1  (activation effect of Nitrite Reducing Bacteria),,,,,,
72,10:34:56,StrandedKnight,pass,"StrandedKnight draws House Printing, CEO's Favourite Project, Mass Converter, Media Group | petersenhauke passes | StrandedKnight gains 27 | petersenhauke gains 22 | StrandedKnight gains 1 | petersenhauke gains 1 | StrandedKnight gains 2 | StrandedKnight gains 2  due to heat transfer | StrandedKnight pays 2 | StrandedKnight gains 1 | petersenhauke gains 1  due to heat transfer | petersenhauke pays 1 | petersenhauke gains 3 | StrandedKnight gains 2 | petersenhauke gains 1 | petersenhauke is starting player for this generation | New generation 4 | Research draft | StrandedKnight draws 4 cards | petersenhauke draws 4 cards",,,,,,
73,10:35:03,You,unknown,You draft Media Group,,,,,,
75,10:35:22,You,unknown,You draft Mining Expedition,,,,,,
77,10:35:34,You,unknown,You draft Mass Converter,,,,,,
78,10:35:35,You,unknown,You draft Toll Station,,,,,,
79,10:35:40,petersenhauke,unknown,petersenhauke pays 6 (Buy Card),,,,,,
80,10:35:54,You,unknown,You buy Media Group | You buy Mining Expedition | StrandedKnight pays 6 (Buy Card) | StrandedKnight keeps 2 card/s | petersenhauke keeps 2 card/s,,,,,,
81,10:36:02,Unknown,unknown,petersenhauke activates Nitrite Reducing Bacteria | petersenhauke adds Microbe to Nitrite Reducing Bacteria,,,,,,
82,10:36:04,Unknown,unknown,petersenhauke skips second action,,,,,,
83,10:36:13,StrandedKnight,play_card,StrandedKnight pays 6 | StrandedKnight plays card Media Group,Media Group,,,,,
84,10:36:21,StrandedKnight,convert_heat,StrandedKnight pays 8  (Convert heat into temperature) | StrandedKnight increases  by 1 step/s to a value of -22 | StrandedKnight gains 1  (Increase Temperature),,,,-22,,
85,10:36:34,petersenhauke,play_card,petersenhauke pays 10 | petersenhauke plays card House Printing | petersenhauke increases  by 1 (immediate effect of House Printing),House Printing,,,,,
86,10:36:38,Unknown,unknown,petersenhauke skips second action,,,,,,
87,10:36:41,StrandedKnight,play_card,StrandedKnight pays 16 | StrandedKnight plays card Imported Hydrogen | StrandedKnight triggered effect of Media Group,Imported Hydrogen,,,,,
89,10:36:45,Unknown,place_tile,"StrandedKnight increases  by 1 step/s to a value of 4 | StrandedKnight gains 1  (Place Ocean Tile) | StrandedKnight places Ocean on Tharsis Hex 4,5 (4,5) | StrandedKnight gains 2",,Ocean,"Tharsis Hex 4,5 (4,5)",,,4
91,10:36:48,Unknown,unknown,StrandedKnight gains 3  (immediate effect of Imported Hydrogen) | StrandedKnight gains 2  (Ocean) | StrandedKnight gains 3 (triggered effect of Media Group),,,,,,
92,10:36:50,StrandedKnight,unknown,StrandedKnight pays 8,,,,,,
93,10:36:52,Unknown,place_tile,"StrandedKnight places Forest on Tharsis Hex 5,4 (5,4) | StrandedKnight gains 4 | StrandedKnight increases  by 1 step/s to a value of 3 | StrandedKnight gains 1  (Increase Oxygen Level) | StrandedKnight gains 1  (Forest)",,Forest,"Tharsis Hex 5,4 (5,4)",,3,
94,10:37:09,petersenhauke,unknown,petersenhauke activates Robinson Industries | petersenhauke pays 4 | petersenhauke increases  by 1,,,,,,
95,10:37:19,Unknown,unknown,petersenhauke skips second action,,,,,,
96,10:37:26,Unknown,pass,StrandedKnight passes,,,,,,
97,10:37:34,StrandedKnight,pass,"StrandedKnight draws Fish, Artificial Lake, Tectonic Stress Power, Quantum Extractor | petersenhauke passes | StrandedKnight gains 30 | petersenhauke gains 23 | StrandedKnight gains 1 | petersenhauke gains 1 | petersenhauke gains 1 | StrandedKnight gains 2 | StrandedKnight gains 1  due to heat transfer | StrandedKnight pays 1 | StrandedKnight gains 1 | petersenhauke gains 3  due to heat transfer | petersenhauke pays 3 | petersenhauke gains 3 | StrandedKnight gains 2 | petersenhauke gains 1 | StrandedKnight is starting player for this generation | New generation 5 | Research draft | StrandedKnight draws 4 cards | petersenhauke draws 4 cards",,,,,,
99,10:37:47,You,unknown,You draft Quantum Extractor,,,,,,
101,10:38:07,You,unknown,You draft Pets,,,,,,
102,10:38:10,You,unknown,You draft Fish,,,,,,
103,10:38:13,You,unknown,You draft Soil Factory,,,,,,
104,10:38:25,You,unknown,You buy Pets | You buy Fish | StrandedKnight pays 6 (Buy Card),,,,,,
105,10:38:29,petersenhauke,unknown,petersenhauke pays 3 (Buy Card) | StrandedKnight keeps 2 card/s | petersenhauke keeps 1 card/s,,,,,,
106,10:38:38,StrandedKnight,play_card,StrandedKnight pays 10 | StrandedKnight plays card Pets | StrandedKnight adds Animal to Pets,Pets,,,,,
107,10:39:25,StrandedKnight,fund_award,StrandedKnight funds Landlord award | StrandedKnight pays 8,,,,,,
108,10:39:33,petersenhauke,play_card,petersenhauke pays 6 | petersenhauke plays card Great Escarpment Consortium,Great Escarpment Consortium,,,,,
109,10:39:36,Unknown,unknown,StrandedKnight reduces  by 1 (immediate effect of Great Escarpment Consortium) | petersenhauke increases  by 1 (immediate effect of Great Escarpment Consortium),,,,,,
110,10:39:46,petersenhauke,convert_heat,petersenhauke pays 8  (Convert heat into temperature) | petersenhauke increases  by 1 step/s to a value of -20 | Parameter  increase triggers a bonus | petersenhauke gains 1  (Increase Temperature) | petersenhauke increases  by 1,,,,-20,,
112,10:39:59,StrandedKnight,claim_milestone,StrandedKnight claims milestone Gardener | StrandedKnight pays 8,,,,,,
113,10:40:01,Unknown,unknown,StrandedKnight skips second action,,,,,,
114,10:40:13,petersenhauke,play_card,petersenhauke pays 13 | petersenhauke plays card Extreme-Cold Fungus,Extreme-Cold Fungus,,,,,
115,10:40:16,Unknown,unknown,petersenhauke activates Extreme-Cold Fungus,,,,,,
116,10:40:19,Unknown,unknown,petersenhauke adds Microbe to Nitrite Reducing Bacteria | petersenhauke adds Microbe to Nitrite Reducing Bacteria,,,,,,
118,10:40:24,Unknown,pass,StrandedKnight passes,,,,,,
119,10:40:26,Unknown,unknown,petersenhauke activates Nitrite Reducing Bacteria,,,,,,
120,10:40:28,Unknown,unknown,petersenhauke removes Microbe from Nitrite Reducing Bacteria | petersenhauke removes Microbe from Nitrite Reducing Bacteria | petersenhauke removes Microbe from Nitrite Reducing Bacteria | petersenhauke gains 1  (activation effect of Nitrite Reducing Bacteria),,,,,,
121,10:40:32,Unknown,unknown,petersenhauke skips second action,,,,,,
122,10:40:34,StrandedKnight,pass,"StrandedKnight draws Cloud Seeding, Nitrogen-Rich Asteroid, Trees, Research Outpost | petersenhauke passes | StrandedKnight gains 30 | petersenhauke gains 25 | petersenhauke gains 2 | petersenhauke gains 1 | StrandedKnight gains 2 | StrandedKnight gains 1  due to heat transfer | StrandedKnight pays 1 | StrandedKnight gains 1 | petersenhauke gains 3  due to heat transfer | petersenhauke pays 3 | petersenhauke gains 3 | StrandedKnight gains 2 | petersenhauke gains 2 | petersenhauke is starting player for this generation | New generation 6 | Research draft | StrandedKnight draws 4 cards | petersenhauke draws 4 cards",,,,,,
124,10:40:50,You,unknown,You draft Nitrogen-Rich Asteroid,,,,,,
125,10:40:53,You,unknown,You draft Noctis Farming,,,,,,
127,10:41:02,You,unknown,You draft Research Outpost,,,,,,
128,10:41:04,You,unknown,You draft Peroxide Power,,,,,,
129,10:41:12,petersenhauke,unknown,petersenhauke pays 12 (Buy Card),,,,,,
130,10:41:26,You,unknown,You buy Nitrogen-Rich Asteroid | You buy Noctis Farming | You buy Research Outpost | StrandedKnight pays 9 (Buy Card) | StrandedKnight keeps 3 card/s | petersenhauke keeps 4 card/s,,,,,,
131,10:41:32,petersenhauke,play_card,petersenhauke pays 7 | petersenhauke plays card Bribed Committee | petersenhauke gains 2  (immediate effect of Bribed Committee),Bribed Committee,,,,,
133,10:41:38,petersenhauke,play_card,petersenhauke pays 3 | petersenhauke pays 2 | petersenhauke plays card Rad-Chem Factory | petersenhauke reduces  by 1 (immediate effect of Rad-Chem Factory) | petersenhauke gains 2  (immediate effect of Rad-Chem Factory),Rad-Chem Factory,,,,,
136,10:42:06,StrandedKnight,play_card,StrandedKnight pays 3 | StrandedKnight pays 10 | StrandedKnight plays card Research Outpost,Research Outpost,,,,,
137,10:42:08,Unknown,place_tile,"StrandedKnight places City on Tharsis Hex 5,7 (5,7) | StrandedKnight triggered effect of Pets | StrandedKnight triggered effect of Immigrant City",,City,"Tharsis Hex 5,7 (5,7)",,,
138,10:42:10,Unknown,unknown,StrandedKnight adds Animal to Pets | petersenhauke increases  by 1 (triggered effect of Immigrant City),,,,,,
139,10:42:20,StrandedKnight,play_card,StrandedKnight pays 7 | StrandedKnight plays card Noctis Farming | StrandedKnight increases  by 1 (immediate effect of Noctis Farming) | StrandedKnight gains 2  (immediate effect of Noctis Farming),Noctis Farming,,,,,
141,10:42:26,petersenhauke,play_card,petersenhauke pays 3 | petersenhauke pays 1 | petersenhauke plays card Space Station,Space Station,,,,,
142,10:42:31,Unknown,unknown,petersenhauke activates Extreme-Cold Fungus,,,,,,
143,10:42:35,Unknown,unknown,petersenhauke adds Microbe to Nitrite Reducing Bacteria | petersenhauke adds Microbe to Nitrite Reducing Bacteria,,,,,,
145,10:42:39,StrandedKnight,unknown,StrandedKnight pays 8,,,,,,
146,10:42:41,Unknown,place_tile,"StrandedKnight places Forest on Tharsis Hex 5,6 (5,6) | StrandedKnight gains 4 | StrandedKnight increases  by 1 step/s to a value of 4 | StrandedKnight gains 1  (Increase Oxygen Level) | StrandedKnight gains 1  (Forest)",,Forest,"Tharsis Hex 5,6 (5,6)",,4,
147,10:42:48,StrandedKnight,play_card,StrandedKnight pays 30 | StrandedKnight plays card Nitrogen-Rich Asteroid | StrandedKnight triggered effect of Media Group,Nitrogen-Rich Asteroid,,,,,
148,10:42:50,Unknown,unknown,StrandedKnight gains 2  (immediate effect of Nitrogen-Rich Asteroid) | StrandedKnight increases  by 1 step/s to a value of -18 | StrandedKnight gains 1  (Increase Temperature) | StrandedKnight increases  by 4 (immediate effect of Nitrogen-Rich Asteroid) | StrandedKnight gains 3 (triggered effect of Media Group),,,,-18,,
149,10:42:56,Unknown,unknown,petersenhauke activates Nitrite Reducing Bacteria | petersenhauke adds Microbe to Nitrite Reducing Bacteria,,,,,,
150,10:42:59,petersenhauke,unknown,petersenhauke activates Robinson Industries | petersenhauke pays 4 | petersenhauke increases  by 1,,,,,,
152,10:43:11,Unknown,pass,StrandedKnight passes,,,,,,
153,10:43:16,StrandedKnight,pass,"StrandedKnight draws Martian Survey, Caretaker Contract, Io Mining Industries, Water Splitting Plant | petersenhauke passes | StrandedKnight gains 35 | petersenhauke gains 30 | petersenhauke gains 2 | petersenhauke gains 1 | StrandedKnight gains 6 | petersenhauke gains 1 | StrandedKnight gains 1  due to heat transfer | StrandedKnight pays 1 | StrandedKnight gains 1 | petersenhauke gains 3  due to heat transfer | petersenhauke pays 3 | petersenhauke gains 2 | StrandedKnight gains 2 | petersenhauke gains 2 | StrandedKnight is starting player for this generation | New generation 7 | Research draft | StrandedKnight draws 4 cards | petersenhauke draws 4 cards",,,,,,
154,10:43:26,You,unknown,You draft Io Mining Industries,,,,,,
156,10:43:41,You,unknown,You draft Predators,,,,,,
158,10:43:55,You,unknown,You draft Martian Survey,,,,,,
159,10:44:00,You,unknown,You draft Power Infrastructure,,,,,,
160,10:44:10,You,unknown,You buy Predators | StrandedKnight pays 3 (Buy Card),,,,,,
161,10:44:14,petersenhauke,unknown,petersenhauke pays 6 (Buy Card) | StrandedKnight keeps 1 card/s | petersenhauke keeps 2 card/s,,,,,,
162,10:44:35,StrandedKnight,standard_project,StrandedKnight plays standard project Greenery | StrandedKnight pays 23,,,,,,
163,10:44:37,Unknown,place_tile,"StrandedKnight places Forest on Tharsis Hex 6,6 (6,6) | StrandedKnight gains 4 | StrandedKnight increases  by 1 step/s to a value of 5 | StrandedKnight gains 1  (Increase Oxygen Level) | StrandedKnight gains 1  (Forest)",,Forest,"Tharsis Hex 6,6 (6,6)",,5,
164,10:44:39,StrandedKnight,unknown,StrandedKnight pays 8,,,,,,
165,10:44:42,Unknown,place_tile,"StrandedKnight draws Symbiotic Fungus | StrandedKnight places Forest on Tharsis Hex 5,8 (5,8) | StrandedKnight increases  by 1 step/s to a value of 6 | StrandedKnight gains 1  (Increase Oxygen Level) | StrandedKnight draws 1 cards",,Forest,"Tharsis Hex 5,8 (5,8)",,6,
166,10:44:49,Unknown,unknown,petersenhauke activates Extreme-Cold Fungus,,,,,,
167,10:44:51,Unknown,unknown,petersenhauke adds Microbe to Nitrite Reducing Bacteria | petersenhauke adds Microbe to Nitrite Reducing Bacteria,,,,,,
168,10:44:53,Unknown,unknown,petersenhauke activates Nitrite Reducing Bacteria,,,,,,
169,10:44:54,Unknown,unknown,petersenhauke removes Microbe from Nitrite Reducing Bacteria | petersenhauke removes Microbe from Nitrite Reducing Bacteria | petersenhauke removes Microbe from Nitrite Reducing Bacteria | petersenhauke gains 1  (activation effect of Nitrite Reducing Bacteria),,,,,,
171,10:45:11,StrandedKnight,claim_milestone,StrandedKnight claims milestone Terraformer | StrandedKnight pays 8,,,,,,
172,10:45:13,StrandedKnight,convert_heat,StrandedKnight pays 8  (Convert heat into temperature) | StrandedKnight increases  by 1 step/s to a value of -16 | StrandedKnight gains 1  (Increase Temperature),,,,-16,,
174,10:45:24,petersenhauke,play_card,petersenhauke pays 4 | petersenhauke pays 13 | petersenhauke plays card Space Elevator | petersenhauke increases  by 1 (immediate effect of Space Elevator),Space Elevator,,,,,
175,10:45:28,petersenhauke,unknown,petersenhauke activates Space Elevator | petersenhauke pays 1  (activation effect of Space Elevator) | petersenhauke gains 5 (activation effect of Space Elevator),,,,,,
177,10:45:49,Unknown,pass,StrandedKnight passes,,,,,,
178,10:45:56,petersenhauke,play_card,petersenhauke pays 4 | petersenhauke plays card Moss | petersenhauke pays 1  (immediate effect of Moss) | petersenhauke increases  by 1 (immediate effect of Moss),Moss,,,,,
179,10:46:03,petersenhauke,play_card,petersenhauke pays 11 | petersenhauke plays card Cloud Seeding | petersenhauke reduces  by 1 (immediate effect of Cloud Seeding),Cloud Seeding,,,,,
180,10:46:06,Unknown,unknown,StrandedKnight reduces  by 1 (immediate effect of Cloud Seeding) | petersenhauke increases  by 2 (immediate effect of Cloud Seeding),,,,,,
182,10:46:12,petersenhauke,convert_heat,petersenhauke pays 8  (Convert heat into temperature) | petersenhauke increases  by 1 step/s to a value of -14 | petersenhauke gains 1  (Increase Temperature),,,,-14,,
183,10:46:17,Unknown,unknown,petersenhauke skips second action,,,,,,
184,10:46:20,StrandedKnight,pass,"StrandedKnight draws Power Plant, Electro Catapult, Ganymede Colony, Local Heat Trapping | petersenhauke passes | StrandedKnight gains 38 | petersenhauke gains 31 | petersenhauke gains 2 | petersenhauke gains 2 | StrandedKnight gains 6 | petersenhauke gains 4 | StrandedKnight gains 1  due to heat transfer | StrandedKnight pays 1 | StrandedKnight gains 1 | petersenhauke gains 2  due to heat transfer | petersenhauke pays 2 | petersenhauke gains 2 | StrandedKnight gains 1 | petersenhauke gains 2 | petersenhauke is starting player for this generation | New generation 8 | Research draft | StrandedKnight draws 4 cards | petersenhauke draws 4 cards",,,,,,
185,10:46:32,You,unknown,You draft Electro Catapult,,,,,,
187,10:46:42,You,unknown,You draft Medical Lab,,,,,,
189,10:46:53,You,unknown,You draft Ganymede Colony,,,,,,
190,10:46:56,You,unknown,You draft Power Grid,,,,,,
191,10:47:05,petersenhauke,unknown,petersenhauke pays 9 (Buy Card),,,,,,
192,10:47:06,You,unknown,You buy Electro Catapult | You buy Medical Lab | StrandedKnight pays 6 (Buy Card) | StrandedKnight keeps 2 card/s | petersenhauke keeps 3 card/s,,,,,,
193,10:47:18,petersenhauke,unknown,petersenhauke activates Space Elevator | petersenhauke pays 1  (activation effect of Space Elevator) | petersenhauke gains 5 (activation effect of Space Elevator),,,,,,
194,10:47:22,Unknown,unknown,petersenhauke activates Extreme-Cold Fungus,,,,,,
195,10:47:25,Unknown,unknown,petersenhauke adds Microbe to Nitrite Reducing Bacteria | petersenhauke adds Microbe to Nitrite Reducing Bacteria,,,,,,
197,10:47:52,StrandedKnight,play_card,StrandedKnight pays 14 | StrandedKnight plays card Electro Catapult | StrandedKnight reduces  by 1 (immediate effect of Electro Catapult),Electro Catapult,,,,,
198,10:47:55,StrandedKnight,unknown,StrandedKnight activates Electro Catapult | StrandedKnight pays 1  (activation effect of Electro Catapult) | StrandedKnight gains 7 (activation effect of Electro Catapult),,,,,,
199,10:48:03,Unknown,unknown,petersenhauke activates Nitrite Reducing Bacteria,,,,,,
200,10:48:05,Unknown,unknown,petersenhauke removes Microbe from Nitrite Reducing Bacteria | petersenhauke removes Microbe from Nitrite Reducing Bacteria | petersenhauke removes Microbe from Nitrite Reducing Bacteria | petersenhauke gains 1  (activation effect of Nitrite Reducing Bacteria),,,,,,
201,10:48:08,Unknown,unknown,petersenhauke skips second action,,,,,,
202,10:48:14,StrandedKnight,play_card,StrandedKnight pays 10 | StrandedKnight plays card Medical Lab | StrandedKnight increases  by 4 (immediate effect of Medical Lab),Medical Lab,,,,,
203,10:48:18,StrandedKnight,claim_milestone,StrandedKnight claims milestone Builder | StrandedKnight pays 8,,,,,,
205,10:48:33,petersenhauke,play_card,petersenhauke pays 2 | petersenhauke pays 6 | petersenhauke plays card Olympus Conference | petersenhauke triggered effect of Olympus Conference | petersenhauke adds Science to Olympus Conference,Olympus Conference,,,,,
206,10:48:43,petersenhauke,play_card,petersenhauke pays 14 | petersenhauke plays card Fusion Power | petersenhauke triggered effect of Olympus Conference,Fusion Power,,,,,
207,10:48:47,Unknown,unknown,petersenhauke increases  by 3 (immediate effect of Fusion Power),,,,,,
208,10:48:49,Unknown,unknown,petersenhauke removes Science from Olympus Conference,,,,,,
209,10:48:50,Unknown,unknown,petersenhauke draws 1 cards,,,,,,
211,10:48:58,StrandedKnight,play_card,StrandedKnight pays 11 | StrandedKnight plays card Mining Expedition | StrandedKnight triggered effect of Media Group,Mining Expedition,,,,,
213,10:49:01,Unknown,unknown,StrandedKnight gains 2  (immediate effect of Mining Expedition),,,,,,
214,10:49:03,petersenhauke,unknown,petersenhauke pays 2  (immediate effect of Mining Expedition) | StrandedKnight increases  by 1 step/s to a value of 7 | StrandedKnight gains 1  (Increase Oxygen Level) | StrandedKnight gains 3 (triggered effect of Media Group),,,,,7,
215,10:49:08,StrandedKnight,play_card,StrandedKnight pays 14 | StrandedKnight plays card Plantation,Plantation,,,,,
216,10:49:09,Unknown,place_tile,"StrandedKnight places Forest on Tharsis Hex 6,8 (6,8) | StrandedKnight increases  by 1 step/s to a value of 8 | Parameter  increase triggers a bonus | StrandedKnight gains 1  (Increase Oxygen Level)",,Forest,"Tharsis Hex 6,8 (6,8)",,8,
217,10:49:12,Unknown,unknown,StrandedKnight draws Cupola City | StrandedKnight draws 1 cards | StrandedKnight increases  by 1 step/s to a value of -12 | StrandedKnight gains 1  (Increase Temperature),,,,-12,,
218,10:49:17,petersenhauke,play_card,petersenhauke pays 9 | petersenhauke plays card Robotic Workforce | petersenhauke triggered effect of Olympus Conference,Robotic Workforce,,,,,
220,10:49:25,Unknown,unknown,petersenhauke copies production box of Fusion Power | petersenhauke increases  by 3 (immediate effect of Fusion Power) | petersenhauke adds Science to Olympus Conference,,,,,,
221,10:49:33,Unknown,unknown,petersenhauke skips second action,,,,,,
222,10:49:37,Unknown,pass,StrandedKnight passes,,,,,,
223,10:49:43,StrandedKnight,pass,"StrandedKnight draws Space Hotels, Technology Demonstration, Biomass Combustors, Solar Power | petersenhauke passes | StrandedKnight gains 45 | petersenhauke gains 32 | petersenhauke gains 2 | petersenhauke gains 2 | StrandedKnight gains 6 | petersenhauke gains 4 | StrandedKnight gains 1  due to heat transfer | StrandedKnight pays 1 | petersenhauke gains 2  due to heat transfer | petersenhauke pays 2 | petersenhauke gains 8 | StrandedKnight gains 1 | petersenhauke gains 2 | StrandedKnight is starting player for this generation | New generation 9 | Research draft | StrandedKnight draws 4 cards | petersenhauke draws 4 cards",,,,,,
224,10:49:56,You,unknown,You draft Technology Demonstration,,,,,,
226,10:50:03,You,unknown,You draft Grass,,,,,,
228,10:50:09,You,unknown,You draft Biomass Combustors,,,,,,
229,10:50:10,You,unknown,You draft Colonizer Training Camp,,,,,,
230,10:50:16,petersenhauke,unknown,petersenhauke pays 6 (Buy Card),,,,,,
231,10:50:23,You,unknown,You buy Technology Demonstration | You buy Biomass Combustors | StrandedKnight pays 6 (Buy Card) | StrandedKnight keeps 2 card/s | petersenhauke keeps 2 card/s,,,,,,
233,10:50:48,StrandedKnight,play_card,StrandedKnight pays 1 | StrandedKnight plays card Biomass Combustors,Biomass Combustors,,,,,
234,10:50:50,Unknown,unknown,petersenhauke reduces  by 1 (immediate effect of Biomass Combustors) | StrandedKnight increases  by 2 (immediate effect of Biomass Combustors),,,,,,
236,10:50:56,StrandedKnight,play_card,StrandedKnight pays 2 | StrandedKnight pays 9 | StrandedKnight plays card Cupola City | StrandedKnight reduces  by 1 (immediate effect of Cupola City) | StrandedKnight increases  by 3 (immediate effect of Cupola City),Cupola City,,,,,
237,10:51:00,Unknown,place_tile,"StrandedKnight places City on Tharsis Hex 8,4 (8,4) | StrandedKnight triggered effect of Pets | StrandedKnight triggered effect of Immigrant City",,City,"Tharsis Hex 8,4 (8,4)",,,
238,10:51:02,Unknown,unknown,StrandedKnight gains 1  (City) | StrandedKnight adds Animal to Pets | petersenhauke increases  by 1 (triggered effect of Immigrant City),,,,,,
239,10:51:14,Unknown,unknown,petersenhauke activates Extreme-Cold Fungus,,,,,,
240,10:51:17,Unknown,unknown,petersenhauke adds Microbe to Nitrite Reducing Bacteria | petersenhauke adds Microbe to Nitrite Reducing Bacteria,,,,,,
241,10:51:18,Unknown,unknown,petersenhauke activates Nitrite Reducing Bacteria,,,,,,
242,10:51:21,Unknown,unknown,petersenhauke removes Microbe from Nitrite Reducing Bacteria | petersenhauke removes Microbe from Nitrite Reducing Bacteria | petersenhauke removes Microbe from Nitrite Reducing Bacteria | petersenhauke gains 1  (activation effect of Nitrite Reducing Bacteria),,,,,,
244,10:51:26,StrandedKnight,unknown,StrandedKnight pays 8,,,,,,
245,10:51:27,Unknown,place_tile,"StrandedKnight places Forest on Tharsis Hex 8,3 (8,3) | StrandedKnight gains 2 | StrandedKnight increases  by 1 step/s to a value of 9 | StrandedKnight gains 1  (Increase Oxygen Level) | StrandedKnight gains 1  (Forest)",,Forest,"Tharsis Hex 8,3 (8,3)",,9,
246,10:51:30,Unknown,unknown,StrandedKnight activates Electro Catapult,,,,,,
247,10:51:31,StrandedKnight,unknown,StrandedKnight pays 1  (activation effect of Electro Catapult) | StrandedKnight gains 7 (activation effect of Electro Catapult),,,,,,
248,10:51:37,petersenhauke,unknown,petersenhauke activates Space Elevator | petersenhauke pays 1  (activation effect of Space Elevator) | petersenhauke gains 5 (activation effect of Space Elevator),,,,,,
250,10:51:42,petersenhauke,play_card,petersenhauke pays 1 | petersenhauke pays 19 | petersenhauke plays card AI Central | petersenhauke triggered effect of Olympus Conference,AI Central,,,,,
251,10:51:46,Unknown,unknown,petersenhauke reduces  by 1 (immediate effect of AI Central),,,,,,
252,10:51:48,Unknown,unknown,petersenhauke removes Science from Olympus Conference,,,,,,
253,10:51:49,Unknown,unknown,petersenhauke draws 1 cards,,,,,,
255,10:51:58,StrandedKnight,play_card,StrandedKnight pays 4 | StrandedKnight plays card Technology Demonstration | StrandedKnight triggered effect of Media Group,Technology Demonstration,,,,,
256,10:52:01,Unknown,unknown,"StrandedKnight draws Water Import From Europa, Insects | StrandedKnight draws 2 cards | StrandedKnight gains 3 (triggered effect of Media Group)",,,,,,
257,10:52:07,StrandedKnight,play_card,StrandedKnight pays 5 | StrandedKnight plays card Heather | StrandedKnight increases  by 1 (immediate effect of Heather) | StrandedKnight gains 1  (immediate effect of Heather),Heather,,,,,
258,10:52:12,Unknown,unknown,petersenhauke activates AI Central,,,,,,
259,10:52:14,Unknown,unknown,petersenhauke draws 2 cards,,,,,,
260,10:52:18,Unknown,unknown,petersenhauke skips second action,,,,,,
261,10:52:24,StrandedKnight,standard_project,StrandedKnight plays standard project Sell patents,,,,,,
262,10:52:26,Unknown,unknown,StrandedKnight discards 1 card/s | StrandedKnight gains 1,,,,,,
263,10:52:28,Unknown,unknown,StrandedKnight skips second action,,,,,,
264,10:52:39,petersenhauke,play_card,petersenhauke pays 1 | petersenhauke plays card Hired Raiders,Hired Raiders,,,,,
265,10:52:43,StrandedKnight,unknown,StrandedKnight pays 3 | petersenhauke gains 3,,,,,,
266,10:52:48,Unknown,unknown,petersenhauke skips second action,,,,,,
267,10:52:52,StrandedKnight,standard_project,StrandedKnight plays standard project Sell patents,,,,,,
268,10:52:54,Unknown,unknown,StrandedKnight discards 1 card/s | StrandedKnight gains 1,,,,,,
269,10:52:56,Unknown,unknown,StrandedKnight skips second action,,,,,,
270,10:52:58,petersenhauke,play_card,petersenhauke pays 12 | petersenhauke plays card Physics Complex | petersenhauke triggered effect of Olympus Conference | petersenhauke adds Science to Olympus Conference,Physics Complex,,,,,
271,10:53:03,petersenhauke,unknown,petersenhauke activates Physics Complex | petersenhauke pays 6  (activation effect of Physics Complex) | petersenhauke adds Science to Physics Complex,,,,,,
273,10:53:29,StrandedKnight,standard_project,StrandedKnight plays standard project Asteroid | StrandedKnight pays 14 | StrandedKnight increases  by 1 step/s to a value of -10 | StrandedKnight gains 1  (Increase Temperature),,,,-10,,
274,10:53:31,StrandedKnight,play_card,StrandedKnight pays 9 | StrandedKnight plays card Bushes | StrandedKnight increases  by 2 (immediate effect of Bushes) | StrandedKnight gains 2  (immediate effect of Bushes),Bushes,,,,,
275,10:53:43,Unknown,pass,petersenhauke passes,,,,,,
276,10:53:48,StrandedKnight,play_card,StrandedKnight pays 8 | StrandedKnight plays card Insects | StrandedKnight increases  by 6 (immediate effect of Insects),Insects,,,,,
277,10:53:50,Unknown,unknown,StrandedKnight skips second action,,,,,,
278,10:53:52,petersenhauke,pass,"StrandedKnight draws Adaptation Technology, Capital, Shuttles, Corporate Stronghold | StrandedKnight passes | StrandedKnight gains 50 | petersenhauke gains 34 | petersenhauke gains 2 | petersenhauke gains 2 | StrandedKnight gains 15 | petersenhauke gains 3 | StrandedKnight gains 1 | petersenhauke gains 2  due to heat transfer | petersenhauke pays 2 | petersenhauke gains 7 | StrandedKnight gains 1 | petersenhauke gains 2 | petersenhauke is starting player for this generation | New generation 10 | Research draft | StrandedKnight draws 4 cards | petersenhauke draws 4 cards",,,,,,
280,10:54:18,You,unknown,You draft Shuttles,,,,,,
281,10:54:24,You,unknown,You draft Giant Ice Asteroid,,,,,,
284,10:54:45,You,unknown,You draft Adaptation Technology | You draft Sponsors,,,,,,
285,10:54:51,You,unknown,You buy Giant Ice Asteroid | StrandedKnight pays 3 (Buy Card),,,,,,
286,10:54:57,petersenhauke,unknown,petersenhauke pays 9 (Buy Card) | StrandedKnight keeps 1 card/s | petersenhauke keeps 3 card/s,,,,,,
287,10:55:06,petersenhauke,unknown,petersenhauke activates Physics Complex | petersenhauke pays 6  (activation effect of Physics Complex) | petersenhauke adds Science to Physics Complex,,,,,,
288,10:55:09,Unknown,unknown,petersenhauke activates AI Central,,,,,,
289,10:55:11,Unknown,unknown,petersenhauke draws 2 cards,,,,,,
291,10:55:19,StrandedKnight,play_card,StrandedKnight pays 35 | StrandedKnight plays card Giant Ice Asteroid | StrandedKnight triggered effect of Media Group,Giant Ice Asteroid,,,,,
293,10:55:24,Unknown,unknown,StrandedKnight increases  by 2 step/s to a value of -6 | StrandedKnight gains 2  (Increase Temperature),,,,-6,,
294,10:55:26,Unknown,place_tile,"StrandedKnight increases  by 1 step/s to a value of 5 | StrandedKnight gains 1  (Place Ocean Tile) | StrandedKnight places Ocean on Tharsis Hex 7,6 (7,6) | StrandedKnight gains 2",,Ocean,"Tharsis Hex 7,6 (7,6)",,,5
295,10:55:27,Unknown,place_tile,"StrandedKnight increases  by 1 step/s to a value of 6 | StrandedKnight gains 1  (Place Ocean Tile) | StrandedKnight places Ocean on Tharsis Hex 8,6 (8,6) | StrandedKnight gains 2",,Ocean,"Tharsis Hex 8,6 (8,6)",,,6
296,10:55:30,petersenhauke,unknown,petersenhauke pays 6  (immediate effect of Giant Ice Asteroid),,,,,,
297,10:55:31,Unknown,unknown,StrandedKnight gains 1  (Ocean) | StrandedKnight gains 1  (Ocean) | StrandedKnight gains 3 (triggered effect of Media Group),,,,,,
298,10:55:36,StrandedKnight,unknown,StrandedKnight pays 8,,,,,,
299,10:55:38,Unknown,place_tile,"StrandedKnight places Forest on Tharsis Hex 7,5 (7,5) | StrandedKnight gains 6 | StrandedKnight increases  by 1 step/s to a value of 10 | StrandedKnight gains 1  (Increase Oxygen Level) | StrandedKnight gains 2  (Forest)",,Forest,"Tharsis Hex 7,5 (7,5)",,10,
300,10:55:54,petersenhauke,play_card,petersenhauke pays 5 | petersenhauke plays card Decomposers | petersenhauke triggered effect of Decomposers | petersenhauke adds Microbe to Decomposers,Decomposers,,,,,
301,10:56:02,petersenhauke,unknown,petersenhauke activates Space Elevator | petersenhauke pays 1  (activation effect of Space Elevator) | petersenhauke gains 5 (activation effect of Space Elevator),,,,,,
303,10:56:10,StrandedKnight,unknown,StrandedKnight activates Electro Catapult | StrandedKnight pays 1  (activation effect of Electro Catapult) | StrandedKnight gains 7 (activation effect of Electro Catapult),,,,,,
304,10:56:14,StrandedKnight,unknown,StrandedKnight pays 8,,,,,,
305,10:56:22,Unknown,place_tile,"StrandedKnight places Forest on Tharsis Hex 6,7 (6,7) | StrandedKnight gains 2 | StrandedKnight increases  by 1 step/s to a value of 11 | StrandedKnight gains 1  (Increase Oxygen Level)",,Forest,"Tharsis Hex 6,7 (6,7)",,11,
307,10:56:31,petersenhauke,play_card,petersenhauke pays 1 | petersenhauke pays 9 | petersenhauke plays card Corporate Stronghold | petersenhauke reduces  by 1 (immediate effect of Corporate Stronghold) | petersenhauke increases  by 3 (immediate effect of Corporate Stronghold),Corporate Stronghold,,,,,
308,10:56:36,Unknown,place_tile,"petersenhauke places City on Tharsis Hex 5,9 (5,9) | petersenhauke triggered effect of Pets | petersenhauke triggered effect of Immigrant City",,City,"Tharsis Hex 5,9 (5,9)",,,
309,10:56:38,Unknown,unknown,StrandedKnight adds Animal to Pets | petersenhauke increases  by 1 (triggered effect of Immigrant City),,,,,,
310,10:56:41,petersenhauke,play_card,petersenhauke pays 4 | petersenhauke plays card Power Plant | petersenhauke increases  by 1 (immediate effect of Power Plant),Power Plant,,,,,
312,10:56:56,StrandedKnight,standard_project,StrandedKnight plays standard project City | StrandedKnight pays 25,,,,,,
313,10:56:57,Unknown,place_tile,"StrandedKnight places City on Tharsis Hex 7,8 (7,8) | StrandedKnight triggered effect of Pets | StrandedKnight triggered effect of Immigrant City",,City,"Tharsis Hex 7,8 (7,8)",,,
314,10:56:59,Unknown,unknown,StrandedKnight adds Animal to Pets | petersenhauke increases  by 1 (triggered effect of Immigrant City) | StrandedKnight increases  by 1 (City),,,,,,
315,10:57:00,StrandedKnight,unknown,StrandedKnight pays 8,,,,,,
316,10:57:02,Unknown,place_tile,"StrandedKnight places Forest on Tharsis Hex 7,7 (7,7) | StrandedKnight gains 4 | StrandedKnight increases  by 1 step/s to a value of 12 | StrandedKnight gains 1  (Increase Oxygen Level) | StrandedKnight gains 1  (Forest)",,Forest,"Tharsis Hex 7,7 (7,7)",,12,
317,10:57:09,petersenhauke,play_card,petersenhauke pays 11 | petersenhauke plays card Development Center | petersenhauke triggered effect of Olympus Conference,Development Center,,,,,
318,10:57:14,Unknown,unknown,petersenhauke removes Science from Olympus Conference,,,,,,
319,10:57:15,Unknown,unknown,petersenhauke draws 1 cards,,,,,,
320,10:57:29,petersenhauke,unknown,petersenhauke activates Robinson Industries | petersenhauke pays 4,,,,,,
321,10:57:33,Unknown,unknown,petersenhauke increases  by 1,,,,,,
323,10:57:38,Unknown,pass,StrandedKnight passes,,,,,,
324,10:57:44,StrandedKnight,pass,"StrandedKnight draws Rad-Suits, Kelp Farming, Underground Detonations, Gene Repair | petersenhauke passes | StrandedKnight gains 58 | petersenhauke gains 39 | petersenhauke gains 2 | petersenhauke gains 3 | StrandedKnight gains 15 | petersenhauke gains 3 | StrandedKnight gains 1  due to heat transfer | StrandedKnight pays 1 | StrandedKnight gains 1 | petersenhauke gains 1  due to heat transfer | petersenhauke pays 1 | petersenhauke gains 7 | StrandedKnight gains 1 | petersenhauke gains 2 | StrandedKnight is starting player for this generation | New generation 11 | Research draft | StrandedKnight draws 4 cards | petersenhauke draws 4 cards",,,,,,
325,10:57:55,You,unknown,You draft Kelp Farming,,,,,,
328,10:58:09,You,unknown,You draft Vesta Shipyard,,,,,,
329,10:58:11,You,unknown,You draft Gene Repair,,,,,,
330,10:58:14,You,unknown,You draft Arctic Algae,,,,,,
331,10:58:20,petersenhauke,unknown,petersenhauke pays 3 (Buy Card),,,,,,
332,10:58:22,You,unknown,You buy Kelp Farming | StrandedKnight pays 3 (Buy Card) | StrandedKnight keeps 1 card/s | petersenhauke keeps 1 card/s,,,,,,
333,10:58:40,StrandedKnight,standard_project,StrandedKnight plays standard project City | StrandedKnight pays 25,,,,,,
334,10:58:41,Unknown,place_tile,"StrandedKnight places City on Tharsis Hex 3,7 (3,7) | StrandedKnight triggered effect of Pets | StrandedKnight triggered effect of Immigrant City",,City,"Tharsis Hex 3,7 (3,7)",,,
335,10:58:43,Unknown,unknown,StrandedKnight adds Animal to Pets | petersenhauke increases  by 1 (triggered effect of Immigrant City) | StrandedKnight increases  by 1 (City),,,,,,
336,10:58:44,StrandedKnight,unknown,StrandedKnight pays 8,,,,,,
337,10:58:45,Unknown,place_tile,"StrandedKnight places Forest on Tharsis Hex 4,7 (4,7) | StrandedKnight increases  by 1 step/s to a value of 13 | StrandedKnight gains 1  (Increase Oxygen Level)",,Forest,"Tharsis Hex 4,7 (4,7)",,13,
338,10:58:56,Unknown,unknown,petersenhauke activates AI Central,,,,,,
339,10:58:58,Unknown,unknown,petersenhauke draws 2 cards,,,,,,
340,10:59:04,petersenhauke,unknown,petersenhauke activates Physics Complex | petersenhauke pays 6  (activation effect of Physics Complex) | petersenhauke adds Science to Physics Complex,,,,,,
342,10:59:10,StrandedKnight,unknown,StrandedKnight activates Electro Catapult | StrandedKnight pays 1  (activation effect of Electro Catapult) | StrandedKnight gains 7 (activation effect of Electro Catapult),,,,,,
343,10:59:12,StrandedKnight,unknown,StrandedKnight pays 8,,,,,,
344,10:59:13,Unknown,place_tile,"StrandedKnight places Forest on Tharsis Hex 4,6 (4,6) | StrandedKnight gains 2 | StrandedKnight increases  by 1 step/s to a value of 14 | Parameter  is at max | StrandedKnight gains 1  (Increase Oxygen Level) | StrandedKnight gains 1  (Forest)",,Forest,"Tharsis Hex 4,6 (4,6)",,14,
345,10:59:23,petersenhauke,unknown,petersenhauke activates Space Elevator | petersenhauke pays 1  (activation effect of Space Elevator) | petersenhauke gains 5 (activation effect of Space Elevator),,,,,,
346,10:59:29,petersenhauke,unknown,petersenhauke activates Development Center | petersenhauke pays 1  (activation effect of Development Center),,,,,,
347,10:59:32,Unknown,unknown,petersenhauke draws 1 cards,,,,,,
349,10:59:38,StrandedKnight,play_card,StrandedKnight pays 16 | StrandedKnight plays card Kelp Farming | StrandedKnight increases  by 2 (immediate effect of Kelp Farming) | StrandedKnight increases  by 3 (immediate effect of Kelp Farming) | StrandedKnight gains 2  (immediate effect of Kelp Farming),Kelp Farming,,,,,
350,10:59:42,StrandedKnight,convert_heat,StrandedKnight pays 8  (Convert heat into temperature) | StrandedKnight increases  by 1 step/s to a value of -4 | StrandedKnight gains 1  (Increase Temperature),,,,-4,,
351,10:59:50,Unknown,unknown,petersenhauke concedes the game. | The end of the game: StrandedKnight wins!,,,,,,
